Number of WT samples,Number of R67K samples,p-value,Normality test WT,Normality test R67K
15,15,2.8525096696970122e-08,0.6258147283950879,0.724499613756102
